Kd		Rec		UE			bestCO	avgCO	worstCO	ASA		EV		xySSE	rgbSSE	K		t
450		0.92721	0.11986		0.3676	0.32524	0.24946	0.93953	0.91345	14.835	16.304	450		1.973
700		0.95988	0.10372		0.38369	0.34599	0.26275	0.94776	0.92349	11.833	14.599	700		2.0522
840		0.97058	0.097992	0.39667	0.35565	0.28096	0.95067	0.92697	10.78	13.965	840		2.913
1100	0.98249	0.090456	0.42147	0.37261	0.29659	0.9545	0.9317	9.3996	13.073	1100	2.1528
1400	0.98993	0.084104	0.43172	0.38917	0.318	0.95772	0.9355	8.3273	12.326	1400	2.209