Kd		Rec		UE			bestCO	avgCO	worstCO	ASA		EV		xySSE	rgbSSE	K		t
200		0.9214	0.073719	0.3788	0.29207	0.23915	0.9455	0.67441	15.638	26.794	200		0.98005
400		0.96726	0.056684	0.39614	0.33099	0.27665	0.95812	0.70532	11.008	23.585	400		1.0317
600		0.98296	0.049373	0.4262	0.35997	0.30253	0.96374	0.72068	8.9822	21.856	600		1.0568
800		0.99035	0.044956	0.4353	0.38495	0.32428	0.96707	0.73091	7.7519	20.666	800		1.0807
1040	0.99474	0.041125	0.45855	0.41026	0.35247	0.96974	0.73946	6.7962	19.631	1040	1.1052