Kd		Rec		UE			bestCO	avgCO	worstCO	ASA		EV		xySSE	rgbSSE	K		t
450		0.97625	0.10826		0.337	0.28206	0.22516	0.94536	0.92056	16.012	15.221	525		0.10172
700		0.98283	0.099168	0.34699	0.29231	0.23875	0.94998	0.93078	15.354	13.959	710		0.1012
840		0.98753	0.09532		0.36603	0.32524	0.26248	0.952	0.92876	11.721	13.541	846		0.10297
1100	0.99267	0.082549	0.40019	0.34613	0.28397	0.95846	0.94043	10.753	11.82	1161	0.1034
1400	0.99464	0.071739	0.44798	0.37437	0.3179	0.96393	0.95085	10.11	10.194	1656	0.10285
#1850	nan		nan			nan		nan		nan		nan		nan		nan		nan		nan		nan