Kd		Rec			UE			K		t
450		0.893842	0.168713	406		0.098125
700		0.945087	0.139335	655		0.0986
840		0.960446	0.129411	801		0.0986
1100	0.978036	0.115467	1060	0.09855	
1400	0.988066	0.104495	1385	0.09925	
#1850	nan			nan			nan		nan