Kd		Rec		UE			bestCO	avgCO	worstCO		ASA		EV		xySSE	rgbSSE	K		t
200		0.90884	0.095393	0.39397	0.21414	0.096667	0.9282	0.71026	16.929	23.882	195		0.14045
400		0.95387	0.071464	0.40637	0.23384	0.10966		0.9463	0.74028	12.38	20.728	390		0.23605
600		0.97103	0.061348	0.45545	0.26232	0.13345		0.95437	0.75393	97.379	19.142	581		0.3354
800		0.98008	0.055007	0.49326	0.31487	0.19401		0.95923	0.75463	79.616	18.796	788		0.17285
1040	0.98693	0.048983	0.51547	0.33223	0.20896		0.96375	0.76472	69.722	17.664	1020	0.21295
