Kd		Rec		UE			bestCO	avgCO	worstCO	ASA		EV		xySSE	rgbSSE	K		t
450		0.92441	0.16666		0.40691	0.26049	0.14037	0.91523	0.91156	15.517	16.246	448		0.30215
700		0.95315	0.14424		0.42799	0.28328	0.17104	0.92691	0.9217	12.697	14.729	696		0.41365
840		0.96181	0.13067		0.45792	0.33739	0.2343	0.93393	0.92129	10.66	14.527	838		0.21645
1100	0.97523	0.11698		0.45011	0.3468	0.25663	0.94098	0.92652	9.2806	13.65	1096	0.2598
1400	0.98354	0.10663		0.48997	0.3706	0.27702	0.94627	0.93289	8.0804	12.68	1396	0.3068
#1850	0.98961	0.096227	0.51412	0.39221	0.2998	0.95157	0.93862	6.9982	11.735	1841	0.37995