Kd		Rec		UE			bestCO	avgCO	worstCO	ASA		EV		xySSE	rgbSSE	K		t
200		0.85027	0.11371		0.63465	0.29032	0.12071	0.91608	0.67595	15.181	27.596	200		0.05845
400		0.91557	0.08299		0.64413	0.31612	0.1284	0.93863	0.71402	10.923	23.768	398		0.06345
600		0.94073	0.07014		0.67893	0.35164	0.15088	0.94858	0.73163	8.5537	21.912	583		0.0734
800		0.9649	0.06374		0.67783	0.39308	0.2124	0.95361	0.73048	7.0715	21.601	800		0.05415
1040	0.97723	0.055319	0.69854	0.413	0.22644	0.95939	0.74442	6.1434	20.147	1040	0.0625