Kd		Rec		UE			bestCO	avgCO	worstCO	ASA		EV		xySSE	rgbSSE	K		t
450		0.91869	0.14817		0.36589	0.28119	0.23628	0.92485	0.89384	13.66	17.211	351		0.15448
700		0.95948	0.12383		0.39455	0.30963	0.27273	0.93745	0.90726	10.768	15.341	556		0.1593
850		0.97061	0.1148		0.4121	0.32759	0.28315	0.94208	0.9149	9.6633	14.4	714		0.15775
1100	0.9833	0.10419		0.42432	0.34492	0.30392	0.94749	0.9198	8.4287	13.579	948		0.16275
1400	0.99019	0.094433	0.45575	0.37215	0.33047	0.95245	0.92668	7.3165	12.602	1263	0.16823
#1850	0.99518	0.084858	0.48616	0.40655	0.36173	0.95732	0.93345	6.2211	11.578	1734	0.16365