Kd		Rec		UE			bestCO	avgCO	worstCO	ASA		EV		xySSE	rgbSSE	K		t
200		0.92693	0.06722		0.38584	0.24279	0.12898	0.9478	0.73432	14.796	21.102	200		0.06955
400		0.9716	0.051581	0.43199	0.26651	0.12871	0.96068	0.75968	10.794	18.207	400		0.1156
600		0.98552	0.044754	0.45585	0.29189	0.14687	0.96606	0.77117	8.8259	16.783	600		0.14665
800		0.99068	0.041311	0.52175	0.33342	0.1665	0.9688	0.7771	7.5459	16.014	800		0.08505
1040	0.99459	0.037695	0.54076	0.35215	0.17953	0.97167	0.78385	6.6559	15.14	1040	0.09985