Kd		Rec		UE			bestCO	avgCO	worstCO		EV		xySSE	rgbSSE	K		t
200		0.95519	0.078592	0.20708	0.10117	0.045782	0.73001	17.725	21.312	200		0.0292
400		0.9835	0.058675	0.22945	0.12006	0.060954	0.75413	12.799	18.591	400		0.03525
600		0.99113	0.050762	0.25221	0.13898	0.077446	0.76561	10.329	17.238	600		0.0401
800		0.99441	0.046989	0.27169	0.16376	0.095133	0.77058	8.8021	16.557	800		0.04245
1040	0.99694	0.04219		0.28491	0.17988	0.11295		0.77759	7.7066	15.681	1040	0.0494