Kd		Rec		UE			bestCO	avgCO	worstCO	ASA		EV		xySSE	rgbSSE	K		t
450		0.95397	0.13592		0.25569	0.20271	0.16009	0.93109	0.93118	16.043	13.111	450		0.1386
700		0.97511	0.11751		0.28429	0.22394	0.17748	0.94058	0.93879	12.973	11.797	700		0.18035
840		0.97979	0.1091		0.31342	0.2506	0.20695	0.94493	0.9414	11.617	11.337	840		0.1085
1100	0.98702	0.099186	0.32671	0.26736	0.21644	0.94997	0.9451	10.259	10.614	1100	0.12515
1400	0.99185	0.091173	0.37551	0.29071	0.23387	0.95407	0.94839	8.9356	9.9675	1400	0.141
#1850	0.99532	0.082017	0.40691	0.31561	0.26163	0.95873	0.95189	7.7561	9.2309	1850	0.16573