Kd		Rec		UE			bestCO	avgCO	worstCO	ASA		EV		xySSE	rgbSSE	K		t
450		0.95066	0.14309		0.34122	0.21018	0.13666	0.92744	0.92442	13.542	14.267	450		0.058125
700		0.97404	0.12264		0.37001	0.23067	0.15775	0.93798	0.93273	11.097	12.851	700		0.0563
840		0.97923	0.11312		0.44804	0.27091	0.1815	0.94287	0.93589	9.928	12.277	840		0.049125
1100	0.98746	0.1029		0.44669	0.28051	0.19232	0.9481	0.94007	8.7962	11.498	1100	0.067825
1400	0.99239	0.094329	0.48106	0.30209	0.21352	0.95246	0.94393	7.7757	10.773	1400	0.06495
#1850	0.996	0.084705	0.49631	0.32274	0.22992	0.95737	0.94802	6.7945	9.9684	1850	0.05545