Kd		Rec		UE			bestCO	avgCO	worstCO	ASA		EV		xySSE	rgbSSE	K		t
450		0.96292	0.14658		0.21132	0.13845	0.10391	0.9256	0.92516	16.087	13.979	450		0.0712
700		0.9807	0.12582		0.23948	0.1581	0.12097	0.93633	0.93319	13.065	12.632	700		0.09635
840		0.98476	0.11577		0.26329	0.18152	0.14092	0.94149	0.93629	11.71	12.074	840		0.073075
1100	0.99076	0.10513		0.27937	0.19438	0.15304	0.94695	0.94035	10.373	11.332	1100	0.051375
1400	0.99427	0.096214	0.31088	0.21626	0.17142	0.95149	0.94414	9.0464	10.634	1400	0.05395
#1850	nan		nan			nan		nan		nan		nan		nan		nan		nan		nan		nan