Kd		Rec		UE			bestCO	avgCO	worstCO	ASA		EV		xySSE	rgbSSE	K		t
450		0.93488	0.13536		0.52476	0.31642	0.19569	0.9314	0.93392	14.295	13.263	450		0.1389
700		0.96287	0.11528		0.51532	0.33289	0.2241	0.94174	0.94125	11.662	11.901	700		0.18015
840		0.97083	0.10615		0.55206	0.36489	0.25057	0.9464	0.94259	10.321	11.53	840		0.11182
1100	0.9816	0.096471	0.54036	0.37565	0.27213	0.95136	0.94621	9.0517	10.797	1100	0.12818
1400	0.98831	0.087975	0.57054	0.39813	0.29053	0.95569	0.94947	7.9982	10.111	1400	0.1436