Kd		Rec		UE			bestCO	avgCO	worstCO	ASA		EV		xySSE	rgbSSE	K		t
200		0.67923	0.11274		0.72482	0.69012	0.63949	0.92056	0.62223	10.717	31.342	217		5.8745
400		0.84003	0.078737	0.73014	0.69374	0.65541	0.94456	0.67221	7.7508	26.803	429		5.8005
600		0.90874	0.065821	0.735	0.7034	0.66178	0.95336	0.69327	6.414	24.754	636		5.671
800		0.95023	0.057473	0.7422	0.70996	0.66725	0.95936	0.70761	5.5965	23.332	846		5.6759
1040	0.97447	0.052321	0.75349	0.7211	0.68146	0.96287	0.71928	4.9853	22.102	1094	6.0295