Kd		Rec		UE		bestCO	avgCO	worstCO	ASA		EV		xySSE	rgbSSE	K		t
450		0.77602	0.15743	0.72504	0.69106	0.65959	0.92039	0.86745	9.6992	21.377	478		14.182
700		0.86722	0.13183	0.72014	0.69607	0.66434	0.93351	0.88841	7.9643	18.872	719		14.29
850		0.9053	0.12245	0.72486	0.70012	0.67605	0.93832	0.89503	7.1412	18.005	889		10.42
1100	0.94559	0.11085	0.73016	0.70734	0.67815	0.94421	0.90401	6.3534	16.784	1135	10.546
1400	0.97338	0.10119	0.73022	0.71027	0.68068	0.94912	0.91163	5.6496	15.688	1461	10.558
#1850	0.98987	0.09224	0.74193	0.72203	0.69073	0.95365	0.91814	5.0192	14.656	1895	10.697