Kd		Rec		UE			bestCO	avgCO	worstCO	ASA		EV		xySSE	rgbSSE	K		t
450		0.99513	0.085757	0.62568	0.51599	0.35136	0.9566	0.93186	13.43	14.082	523		0.34005
700		0.99712	0.078992	0.65694	0.54388	0.36746	0.96012	0.93469	11.737	13.337	653		0.31965
840		0.99703	0.078687	0.64601	0.55548	0.39552	0.96026	0.93477	11.041	13.271	856		0.29342
1100	0.99855	0.071931	0.66992	0.589	0.44015	0.96385	0.93817	9.4035	12.498	1122	0.2897
#1400	nan		nan			nan		nan		nan		nan		nan		nan		nan		nan		nan
#1850	nan		nan			nan		nan		nan		nan		nan		nan		nan		nan		nan