Kd		Rec		UE			bestCO	avgCO	worstCO	ASA		EV	xySSE	rgbSSE	K		t
450		0.91164	0.13725		0.71499	0.581	0.50352	0.93068	nan	nan		nan		280		6.0505
700		0.95159	0.10938		0.74185	0.64332	0.57751	0.94494	nan	nan		nan		533		6.7361
840		0.96035	0.10305		0.7581	0.66557	0.60797	0.94815	nan	nan		nan		671		6.6528
1100	0.96413	0.10096		0.76455	0.67597	0.61046	0.94922	nan	nan		nan		738		6.0636
1400	0.97578	0.092149	0.78335	0.70578	0.64989	0.95369	nan	nan		nan		969		6.0884
#1850	0.98602	0.085112	0.80299	0.7414	0.69099	0.95725	nan	nan		nan		1376	6.151