Kd		Rec		UE			bestCO	avgCO	worstCO	ASA		EV	xySSE	rgbSSE	K	t
200		0.92839	0.081918	0.73923	0.55299	0.4567	0.94115	nan	nan		nan		222	3.3581
400		0.95922	0.05984		0.85599	0.62609	0.5264	0.95703	nan	nan		nan		421	3.7002
600		0.96575	0.053547	0.84729	0.65572	0.56211	0.96176	nan	nan		nan		591	3.7586
800		0.97652	0.047443	0.87347	0.69123	0.59564	0.96598	nan	nan		nan		750	3.478
1040	0.98419	0.042975	0.89744	0.72831	0.63814	0.96919	nan	nan		nan		966	3.4568