Kd		Rec		UE			bestCO	avgCO	worstCO	ASA		EV		xySSE	rgbSSE	K		t
450		0.92867	0.13807		0.4514	0.39222	0.35288	0.93003	0.89335	11.826	18.017	494		0.72337
700		0.97362	0.11441		0.45798	0.39567	0.3508	0.94218	0.91057	10.037	15.631	768		0.90168
840		0.98582	0.10459		0.4659	0.4038	0.35634	0.94721	0.91784	9.2019	14.547	971		1.0094
1100	0.99255	0.095134	0.48677	0.41781	0.36802	0.95203	0.92443	8.3713	13.551	1230	1.1299
1400	0.99525	0.090044	0.50176	0.42705	0.37125	0.95462	0.92737	7.9192	13.015	1407	1.1936
#1850	0.99834	0.079971	0.53385	0.45264	0.39967	0.95975	0.9337	6.9552	11.896	1936	1.3654