Kd		Rec		UE			bestCO	avgCO	worstCO	ASA		EV		xySSE	rgbSSE	K		t
200		0.92165	0.068529	0.42663	0.35118	0.30887	0.94732	0.71341	12.946	24.43	247		0.4264
400		0.97597	0.052546	0.4278	0.35263	0.30402	0.9597	0.74452	10.655	21.071	442		0.5808
600		0.98992	0.046197	0.44872	0.37163	0.31581	0.96492	0.75793	9.4733	19.516	650		0.70345
800		0.99474	0.041874	0.47111	0.38742	0.33247	0.96825	0.76537	8.5919	18.498	805		0.7784
1040	0.99795	0.037512	0.5022	0.41939	0.36156	0.97166	0.77241	7.6275	17.421	1106	0.8998