Kd		Rec		UE		bestCO	avgCO	worstCO	ASA		EV		xySSE	rgbSSE	K		t
450		0.91229	0.18088	0.52373	0.41316	0.31095	0.90787	0.8914	23.842	27.083	387		0.13118
700		0.93142	0.1531	0.55698	0.45194	0.34765	0.92234	0.90095	18.472	24.185	605		0.1273
850		0.94789	0.13765	0.58129	0.47297	0.36888	0.93032	0.90945	16.196	22.568	794		0.1393
1100	0.95866	0.12399	0.6073	0.4978	0.40533	0.93735	0.91408	13.778	20.997	981		0.14278
1400	0.9635	0.11503	0.61446	0.52102	0.41487	0.94195	0.91598	12.064	19.949	1192	0.14417
1850	0.97301	0.10317	0.64654	0.54997	0.45013	0.94805	0.92059	10.271	18.521	1477	0.15077
