Kd		Rec		UE			bestCO	avgCO	worstCO	ASA		EV		xySSE	rgbSSE	K		t
450		0.89905	0.13742		0.47291	0.42535	0.37302	0.93034	0.88087	12.199	19.407	432		nan
700		0.96939	0.10747		0.47231	0.42605	0.3805	0.94575	0.90505	9.675	16.261	768		nan
840		0.9836	0.098043	0.47628	0.43164	0.38325	0.95055	0.91288	87.998	15. Feb	972		nan
1100	0.98557	0.096756	0.51032	0.44635	0.39241	0.95123	0.91354	83.004	15.127	1064	nan
1400	0.99467	0.085091	0.4988	0.45037	0.40114	0.95715	0.92252	75.061	13.685	1408	nan
#1850	nan		nan			nan		nan		nan		nan		nan		nan		nan		nan		nan