Kd		Rec		UE			bestCO	avgCO	worstCO	ASA		EV		xySSE	rgbSSE	K		t
200		nan		nan			nan		nan		nan		nan		nan		nan		nan		nan		nan
400		0.9851	0.045355	0.41121	0.3191	0.18246	0.96577	0.75102	15.279	20.202	404		0.05855
600		0.9908	0.040109	0.51586	0.3564	0.19224	0.96924	0.77375	14.546	18.059	634		0.0589
800		0.99276	0.037607	0.62375	0.39858	0.20734	0.97091	0.78497	14.185	16.892	886		0.05825
1040	0.99708	0.031975	0.63504	0.43642	0.27491	0.97535	0.7938	10.206	15.069	1048	0.059