Kd		Rec		UE			bestCO	avgCO	worstCO	ASA		EV		xySSE	rgbSSE	K		t
200		0.54801	0.16562		0.84284	0.84284	0.84284	0.8875	0.54919	15.588	37.81	235		nan
400		0.69726	0.12419		0.87279	0.87279	0.87279	0.91477	0.58974	10.148	33.862	431		nan
600		0.79144	0.10358		0.89013	0.89013	0.89013	0.92807	0.6112	7.0264	31.688	622		nan
800		0.85813	0.094981	0.90949	0.90949	0.90949	0.93471	0.62699	7.5482	30.348	791		nan
1040	0.93011	0.081675	0.93354	0.93354	0.93354	0.94337	0.64444	5.8581	28.666	1083	nan