Kd		Rec		UE		bestCO	avgCO	worstCO	ASA		EV		xySSE	rgbSSE	K		t
450		0.61751	0.24575	0.84318	0.84318	0.84318	0.87487	0.76118	15.981	31.947	421		nan
700		0.78014	0.1756	0.87417	0.87417	0.87417	0.91136	0.8036	7.2264	26.666	768		nan
840		0.84377	0.16659	0.88451	0.88451	0.88451	0.91594	0.81678	9.3148	25.693	966		nan
1100	0.87009	0.15043	0.89361	0.89361	0.89361	0.92421	0.82301	6.1127	24.493	1064	nan
1400	0.93676	0.14244	0.90992	0.90992	0.90992	0.92826	0.83744	8.6312	23.454	1390	nan
#1850	0.98701	0.12224	0.93319	0.93319	0.93319	0.93852	0.85355	7.0716	21.479	1926	nan