Kd		Rec		UE			bestCO	avgCO	worstCO	ASA		EV		xySSE	rgbSSE	K	t
200		0.8542	0.087648	0.5826	0.36714	0.20792	0.93666	0.67683	13.498	25.898	142	0.0897
400		0.92458	0.065123	0.6802	0.44207	0.25652	0.95267	0.70785	9.3146	22.805	292	0.1032
600		0.95842	0.053785	0.72007	0.49828	0.29373	0.96085	0.72636	7.3173	20.958	482	0.09845
800		0.97186	0.048261	0.75108	0.53462	0.31567	0.96484	0.73796	6.41	19.876	644	0.09335
1040	0.98608	0.04292		0.78737	0.58085	0.35503	0.96868	0.74877	5.39	18.696	885	0.0926