Kd		Rec		UE		bestCO	avgCO	worstCO	ASA		EV		xySSE	rgbSSE	K		t
450		0.8533	0.18817	0.61198	0.39464	0.19553	0.90425	0.88498	13.329	19.962	450		0.10583
700		0.9039	0.162	0.61272	0.41518	0.22658	0.91787	0.89898	10.942	18.078	699		0.11395
840		0.92689	0.14551	0.63687	0.47003	0.31547	0.92643	0.89732	9.2293	17.824	840		0.1128
1100	0.95664	0.12979	0.61045	0.46202	0.30653	0.93452	0.90495	8.0612	16.701	1100	0.11728
1400	0.97144	0.11605	0.65891	0.49937	0.32834	0.94156	0.91441	6.9252	15.412	1400	0.13737
#1850	nan		nan		nan		nan		nan		nan		nan		nan		nan		nan		nan