Kd		Rec			UE			K		t
200		0.828442	0.101		181		0.05855
400		0.908944	0.0737888	369		0.0588
600		0.950484	0.0606758	582		0.0624
800		0.966844	0.0547816	735		0.0614
1040	0.983355	0.0480933	1021	0.0592