Kd		Rec		UE			bestCO	avgCO	worstCO	ASA		EV		xySSE	rgbSSE	K		t
200		0.92778	0.062441	0.79236	0.61574	0.44791	0.9553	0.69769	7.4911	25.615	339		0.35745
400		0.97259	0.047875	0.85421	0.69316	0.53099	0.96542	0.73056	5.3084	22.078	616		0.3208
600		0.98027	0.045167	0.87396	0.72344	0.56771	0.96748	0.74013	4.7789	21.072	752		0.44745
800		0.98871	0.040842	0.89025	0.7581	0.61198	0.97062	0.74905	4.2102	19.949	959		0.2989
1040	0.99507	0.037202	0.91795	0.80678	0.67486	0.97317	0.76053	3.6444	18.592	1303	0.33075