Kd		Rec		UE			bestCO	avgCO	worstCO	ASA		EV		xySSE	rgbSSE	K		t
450		0.90129	0.1246		0.83798	0.73035	0.60302	0.93729	0.89431	8.4292	18.654	472		0.89228
700		0.95662	0.10143		0.87588	0.79591	0.69386	0.94905	0.91248	6.0597	16.043	921		0.62862
840		0.95655	0.1057		0.89168	0.82663	0.72157	0.94689	0.90724	5.6649	16.666	1082	0.59618
1100	0.95655	0.1057		0.89168	0.82663	0.72157	0.94689	0.90724	5.6649	16.666	1082	0.6652
1400	0.98613	0.085518	0.90671	0.84469	0.75671	0.95708	0.92383	4.7858	14.202	1486	0.74247
#1850	0.99643	0.078854	0.93176	0.88186	0.81094	0.96044	0.92854	4.1511	13.423	1990	0.59188