Kd		Rec		UE			bestCO	avgCO	worstCO	ASA		EV		xySSE	rgbSSE	K		t
200		0.95331	0.049495	0.61029	0.41867	0.34065	0.96185	0.78786	13.169	22.265	288		2.4306
400		0.97156	0.039956	0.76817	0.47374	0.3652	0.96879	0.80286	10.19	18.512	481		2.2255
600		0.97714	0.042715	0.78019	0.47954	0.3547	0.96725	0.80397	10.35	18.725	524		1.0113
800		0.98293	0.038521	0.84431	0.51525	0.3676	0.97031	0.8103	9.0869	17.054	648		0.98885
1040	0.99208	0.029753	1.0354	0.618	0.42233	0.97656	0.82281	6.5994	13.304	1120	1.2395