Kd		Rec		UE			bestCO	avgCO	worstCO	ASA		EV		xySSE	rgbSSE	K		t
450		0.9318	0.11286		0.49863	0.43775	0.37634	0.94315	0.93134	11.034	14.165	485		4.3859
700		0.95828	0.10249		0.533	0.44965	0.39415	0.94843	0.9379	9.6086	13.065	695		1.5681
840		0.96842	0.09327		0.56157	0.47462	0.40872	0.95309	0.944	8.5081	11.902	837		1.4835
1100	0.97235	0.085363	0.6162	0.51358	0.4446	0.95708	0.94908	7.5407	10.641	986		2.1225
1400	0.98573	0.074802	0.67477	0.54463	0.45844	0.96243	0.95409	6.3272	9.4851	1461	1.238
#1850	nan		nan			nan		an		nan		nan		nan		nan		nan		nan		nan