Kd		Rec		UE			bestCO	avgCO	worstCO		ASA		EV		xySSE	rgbSSE	K		t
200		0.9441	0.077597	0.284	0.15183	0.050766	0.94103	0.72858	15.284	21.702	200		0.02495
400		0.97949	0.058093	0.32797	0.17434	0.065134	0.95571	0.75344	11.172	18.84	400		0.03545
600		0.98916	0.050293	0.34554	0.19668	0.079944	0.96197	0.76527	9.1347	17.411	600		0.05625
800		0.99326	0.046418	0.394	0.23152	0.099246	0.96523	0.77032	7.7802	16.696	800		0.03305
1040	0.99634	0.041788	0.41048	0.24865	0.11734		0.96878	0.77747	6.8539	15.794	1040	0.03465