Kd		Rec		UE			bestCO	avgCO	worstCO	ASA		EV		xySSE	rgbSSE	K		t
450		0.93406	0.13337		0.45752	0.32761	0.21922	0.93246	0.92953	13.097	13.64	450		0.14455
700		0.96464	0.1146		0.46596	0.34857	0.24169	0.94209	0.9377	10.655	12.208	700		0.18795
840		0.97157	0.107		0.52712	0.38812	0.27318	0.94602	0.94043	9.5755	11.715	840		0.11398
1100	0.9825	0.097188	0.54904	0.40322	0.29015	0.95101	0.94433	8.423	10.946	1100	0.13165
1400	0.9894	0.08934		0.58294	0.42445	0.30702	0.95501	0.94781	7.4449	10.25	1400	0.14743
#1850	0.99457	0.080502	0.60691	0.4461	0.32999	0.95951	0.95143	6.5088	9.4721	1850	0.17415