Kd		Rec		UE			bestCO	avgCO	worstCO		ASA		EV		xySSE	rgbSSE	K		t
200		0.94774	0.067243	0.24835	0.14515	0.082194	0.9473	0.73776	17.634	20.393	200		0.06745
400		0.98026	0.052018	0.28911	0.16366	0.090644	0.96017	0.76151	12.921	17.701	400		0.112
600		0.9894	0.044951	0.31737	0.18544	0.11455		0.96572	0.77231	10.399	16.4	600		0.14085
800		0.99304	0.041601	0.33088	0.21619	0.14135		0.96846	0.77793	8.8375	15.696	800		0.08345
1040	0.99589	0.037889	0.34926	0.23333	0.15425		0.97145	0.78446	7.7597	14.869	1040	0.09565
