Kd		Rec		UE			bestCO	avgCO	worstCO	ASA		EV		xySSE	rgbSSE	K		t
450		0.9321	0.12994		0.49928	0.34911	0.2349	0.9342	0.93107	13.99	13.925	450		0.23408
700		0.96244	0.11085		0.49308	0.36704	0.25595	0.94401	0.9387	11.432	12.595	700		0.27858
840		0.97048	0.10232		0.52932	0.40656	0.30403	0.94837	0.93989	10.095	12.279	840		0.21088
1100	0.98197	0.093508	0.53103	0.42249	0.32341	0.95289	0.9435	8.868	11.598	1100	0.23017
1400	0.98907	0.085608	0.55624	0.44721	0.34835	0.95691	0.94697	7.8293	10.923	1400	0.24852
#1850	0.99392	0.077668	0.58153	0.47657	0.37464	0.96094	0.9504	6.7839	10.212	1850	0.27648