Kd		Rec		UE			bestCO	avgCO	worstCO	ASA		EV		xySSE	rgbSSE	K		t
450		0.94195	0.14749		0.43151	0.23261	0.1416	0.92516	0.92799	13.685	14.22	450		0.06285
700		0.9687	0.12486		0.4227	0.25013	0.15554	0.93684	0.93626	11.192	12.739	700		0.0673
840		0.977	0.11402		0.43577	0.26944	0.17555	0.9424	0.93811	10.045	12.236	840		0.047825
1100	0.98698	0.10345		0.43737	0.27441	0.18687	0.94782	0.94192	8.9412	11.463	1100	0.050575
1400	0.99202	0.094088	0.4648	0.29943	0.20849	0.95259	0.9459	7.8567	10.704	1400	0.052125
#1850	nan		nan			nan		nan		nan		nan		nan		nan		nan		nan	n	an