Kd		Rec		UE			bestCO	avgCO	worstCO	ASA		EV		xySSE	rgbSSE	K		t
450		0.89473	0.14149		0.5473	0.40093	0.30618	0.92837	0.89977	12.456	17.102	359		0.18372
700		0.94248	0.11838		0.59495	0.44371	0.34891	0.94024	0.91311	9.7627	15.269	594		0.18018
850		0.95539	0.11077		0.61726	0.46944	0.36905	0.94416	0.91859	8.8071	14.551	709		0.17833
1100	0.97332	0.10063		0.63718	0.49519	0.39876	0.94931	0.92444	7.6264	13.621	935		0.18338
1400	0.98417	0.092429	0.66647	0.52903	0.4342	0.95349	0.93006	6.6396	12.795	1230	0.1843
1850	0.99228	0.08388		0.70965	0.57101	0.47748	0.95784	0.93569	5.6598	11.925	1635	0.1842