Kd		Rec			UE			K
200		0.67431		0.10085		217
400		0.83845		0.069828	427
600		0.90839		0.058472	637
800		0.94939		0.051682	845
1040	0.97426		0.046808	1091