Kd		Rec			UE			K
450		0.76924		0.172			482
700		0.86144		0.14387			717
840		0.89436		0.13529			858
1040	0.943		0.12074			1139
1400	0.97168		0.11009			1463