Kd		Rec		UE			bestCO	avgCO	worstCO	ASA		K		t
200		0.6981	0.16702		0.61863	0.58733	0.55346	0.88392	200		1.5843
400		0.83471	0.13514		0.62726	0.59473	0.56571	0.90626	377		1.681
600		0.92865	0.10938		0.65892	0.62651	0.59302	0.92329	595		1.7802
800		0.97116	0.10384		0.6579	0.63557	0.61314	0.92761	780		1.8371
1040	0.98877	0.091573	0.67842	0.65588	0.62534	0.93585	1020	1.9332