Kd		Rec		UE		bestCO	avgCO	worstCO	ASA		K		t
450		0.79768	0.22512	0.6432	0.6099	0.58248	0.88537	473		26.519
700		0.89529	0.19666	0.64113	0.6126	0.58774	0.90023	688		28.062
840		0.93607	0.18639	0.64138	0.61845	0.59484	0.9056	812		27.714
1100	0.97241	0.1654	0.64665	0.62409	0.60242	0.91644	1072	35.931
1400	0.99122	0.14629	0.68032	0.66134	0.64037	0.92627	1425	38.239
