Kd		Rec		UE		bestCO	avgCO	worstCO	ASA		EV	xySSE	rgbSSE	K		t
450		0.79768	0.22512	0.6432	0.6099	0.58248	0.88537	nan	nan		nan		473		59.273
700		0.89529	0.19666	0.64113	0.6126	0.58774	0.90023	nan	nan		nan		688		59.476
840		0.93607	0.18639	0.64138	0.61845	0.59484	0.9056	nan	nan		nan		812		59.544
1100	0.97241	0.1654	0.64665	0.62409	0.60242	0.91644	nan	nan		nan		1072	59.582
1400	0.99122	0.14629	0.68032	0.66134	0.64037	0.92627	nan	nan		nan		1425	71.148
#1850	nan		nan		nan		nan		nan		nan		nan	nan		nan		nan		nan