Kd		Rec		UE			bestCO	avgCO	worstCO	ASA		EV		xySSE	rgbSSE	K	t
200		0.96696	0.10236		0.49519	0.29449	0.21672	0.92387	0.75494	18.938	20.885	231	0.79365
400		0.98055	0.077161	0.54234	0.34041	0.25719	0.94299	0.76331	12.768	19.273	418	0.8333
600		0.98672	0.065464	0.58465	0.37432	0.28065	0.95169	0.76539	10.208	18.424	602	0.84395
800		0.99034	0.058721	0.60529	0.39967	0.29224	0.95668	0.76754	8.6538	17.982	728	0.8665
1040	0.99411	0.052114	0.64635	0.43467	0.32223	0.96178	0.7678	7.0881	17.425	975	0.86355