Kd		Rec		UE		bestCO	avgCO	worstCO	ASA		EV		xySSE	rgbSSE	K		t
450		0.97733	0.17543	0.505	0.38139	0.32768	0.91062	0.93495	20.816	14.059	493		1.356
700		0.98775	0.14417	0.54943	0.42162	0.36039	0.9269	0.94195	16.232	12.538	766		1.3798
840		0.99211	0.13077	0.57483	0.44596	0.37894	0.93383	0.94515	14.293	11.739	965		1.4073
1100	0.99292	0.12477	0.58436	0.45659	0.39781	0.93692	0.94641	13.361	11.474	1055	1.3333
1400	0.99628	0.11121	0.6121	0.4864	0.41327	0.94389	0.94988	11.531	10.614	1397	1.4084
#1850	nan		nan		nan		nan		nan		nan		nan		nan		nan		nan		nan